"0","knitr::opts_chunk$set(echo = FALSE, fig.width=9, message = FALSE, warning=FALSE)"
"0","library(tidyverse)"
"0","library(readxl)"
"0","library(lubridate)"
"0","library(stringi)"
"0","library(pander)"
"0","library(janitor)"
"0","library(fuzzyjoin)"
"0","library(scales)"
"0","library(magrittr)"
"0","library(sf)"
"0","library(bookdown)"
"0","library(data.table)"
"0","library(ggsflabel)"
"0","library(patchwork)"
"0","library(plotly)"
"0","library(kableExtra)"
"0","library(DT)"
"0",""
"0","theme_set(theme_light())"
"0",""
"0","# disabling scientific notation"
"0","options(scipen = 100)"
"0",""
"0","# pander tables all in one row"
"0","panderOptions('table.split.table', Inf)"
"0",""
"0","# pander thousands separator"
"0","panderOptions(""big.mark"", "","")"
"0",""
"0","`%out%` <- Negate(`%in%`)"
"0",""
"0","# function for transposing df"
"0","transpose_df <- function(df) {"
"0","  t_df <- data.table::transpose(df)"
"0","  colnames(t_df) <- rownames(df)"
"0","  rownames(t_df) <- colnames(df)"
"0","  t_df <- t_df %>%"
"0","    tibble::rownames_to_column(.data = .) %>%"
"0","    tibble::as_tibble(.)"
"0","  return(t_df)"
"0","}"
"0",""
"0","# function beneficiary summaries"
"0","sum_ben <- function(df, column_var){"
"0","  "
"0","  column_var <- enquo(column_var)"
"0","  "
"0","  df %>%"
"0","    group_by(!!column_var) %>% # must add bang-bang"
"0","    summarise(beneficiaries = sum(beneficiaries)) %>% "
"0","    arrange(desc(beneficiaries))"
"0","    "
"0","}"
"0",""
"0","# reading in townships from geoadmins "
"0","townships <- read_excel(""FSC 5W 2021 - GEOADMINS_final 19.xlsx"","
"0","           sheet = ""GEOADMINS"") %>% "
"0","  clean_names() %>% "
"0","  select(admin1pcode_4:admin3pcode) %>% "
"0","  rename(admin1_pcode = admin1pcode_4,"
"0","         admin3_pcode = admin3pcode,"
"0","         state_name   = state_5,"
"0","         township_name  = county) %>% "
"0","  remove_empty()"
"2","value for ""which"" not specified, defaulting to c(""rows"", ""cols"")
"
"2","New names:
* State -> State...1
* Admin1PCODE -> Admin1PCODE...2
* `` -> ...3
* Admin1PCODE -> Admin1PCODE...4
* State -> State...5
* ...
"
"0","# locations dataset "
"0","locations <- bind_rows("
"0","  "
"0","  read_excel(""FSC 5W 2021 - GEOADMINS_final 19.xlsx"", # payams "
"0","             sheet = ""GEOADMINS"") %>% "
"0","    clean_names() %>% "
"0","    select(state_name:payam_code) %>% "
"0","    rename(admin1_pcode = state_code_12,"
"0","           township_name = county_name, "
"0","           admin3_pcode = county_code,"
"0","           location = payam_name) %>%"
"0","    remove_empty() %>% "
"0","    mutate(location_type = paste0(""payam"")),"
"0","  "
"0","  read_excel(""FSC 5W 2021 - GEOADMINS_final 19.xlsx"", # camps"
"0","             sheet = ""GEOADMINS"") %>% "
"0","    clean_names() %>% "
"0","    select(county_name1:p_code_camp) %>% "
"0","    rename(township_name = county_name1,"
"0","           admin3_pcode = state_code_23,"
"0","           location = camps, "
"0","           camp_pcode = p_code_camp) %>% "
"0","    remove_empty() %>% "
"0","    mutate(location_type = paste0(""camp"")) %>% "
"0","    left_join(townships %>% select(state_name, admin1_pcode, admin3_pcode), "
"0","              by = c(""admin3_pcode"")) %>% "
"0","    relocate(admin1_pcode) %>% "
"0","    relocate(state_name),"
"0","  "
"0","  read_excel(""FSC 5W 2021 - GEOADMINS_final 19.xlsx"", # industrial zones"
"0","             sheet = ""GEOADMINS"") %>% "
"0","    clean_names() %>%"
"0","    select(state_28:industrial_zones) %>% "
"0","    rename(state_name = state_28, "
"0","           admin1_pcode = admin1pcode_29,"
"0","           location = industrial_zones) %>%"
"0","    remove_empty() %>% "
"0","    regex_left_join(townships %>% select(township_name, admin3_pcode),"
"0","                    by = c(""location"" = ""township_name"")) %>% "
"0","    # replacing the NAs with 0s so the filter doesn't drop them "
"0","    replace_na(list(township_name = 0, admin3_pcode = 0, admin1_pcode = 0)) %>%"
"0","    filter(admin3_pcode != ""MMR013040"") %>% # removing all the matches between Hlaingtharya and Hlaing"
"0","    filter(admin3_pcode != ""MMR011006"") %>% # removing all the matches between Yenangyaung and Ye"
"0","    mutate(location_type = paste0(""industrial_zone""))"
"0","  "
"0",")%>%"
"0","  mutate(location_code = case_when(location_type == ""camp"" ~ camp_pcode,"
"0","                                   location_type == ""payam"" ~ payam_code,"
"0","                                   location_type == ""industrial_zone"" ~ NA_character_)) %>%"
"0","  mutate(locations_fuzzy = str_replace_all(location, ""[[:punct:]]"", """"))"
"2","value for ""which"" not specified, defaulting to c(""rows"", ""cols"")
"
"2","New names:
* State -> State...1
* Admin1PCODE -> Admin1PCODE...2
* `` -> ...3
* Admin1PCODE -> Admin1PCODE...4
* State -> State...5
* ...
"
"2","value for ""which"" not specified, defaulting to c(""rows"", ""cols"")
"
"2","New names:
* State -> State...1
* Admin1PCODE -> Admin1PCODE...2
* `` -> ...3
* Admin1PCODE -> Admin1PCODE...4
* State -> State...5
* ...
"
"2","value for ""which"" not specified, defaulting to c(""rows"", ""cols"")
"
"2","New names:
* State -> State...1
* Admin1PCODE -> Admin1PCODE...2
* `` -> ...3
* Admin1PCODE -> Admin1PCODE...4
* State -> State...5
* ...
"
"0","# reading in 5ws"
"0","fsc <- read_excel("
"0","  ""FSC 5W 2021 - GEOADMINS_final19_(included All IP Reports)_Jan to Sep 2021_IM Combined_Final.xlsx"","
"0","                  sheet = ""FSC 5W Activites"","
"0","                  skip = 5) %>% "
"0","  janitor::clean_names() %>% "
"0","  select(month_of_implementation:hrp_version) %>% "
"0","  rename_all(~str_replace_all(., ""^number_of_"", """")) %>%"
"0","  rename_all(~str_replace_all(., ""^number_"", """")) %>% "
"0","  rename(admin4_pcode = admin3_pcode, "
"0","         admin3_pcode = admin2_pcode,"
"0","         beneficiaries = reached_beneficiaries,"
"0","         households = reached_households,"
"0","         beneficiary_type = beneficiaries_type) %>% "
"0","  mutate(industrial_zones = replace(industrial_zones, industrial_zones == ""No"", NA),"
"0","         frequency = replace(frequency, frequency == ""N/A"", NA)) %>% "
"0","  mutate(location = case_when(camp != ""NA"" ~ camp,"
"0","                              industrial_zones != ""NA"" ~ industrial_zones,"
"0","                              village_ward_town != ""NA"" ~ village_ward_town)) %>% "
"0","  mutate(location_type = case_when(camp != ""NA"" ~ ""camp"","
"0","                              industrial_zones != ""NA"" ~ ""industrial_zone"","
"0","                              village_ward_town != ""NA"" ~ ""village_ward_town"")) %>%"
"0","  mutate(locations_fuzzy = str_replace_all(location, ""[[:punct:]]"", "" "")) %>% "
"0","  mutate(total_value_mmk = value_per_household * households) %>% "
"0","  mutate(date = my(month_of_implementation)) %>% "
"0","  mutate(u_ben = ifelse(unique_beneficiaries == ""Yes"", beneficiaries, 0)) %>% "
"0","  mutate(state = as.character(fct_recode(state, "
"0","                            ""Kachin"" = ""kachin""))) %>% "
"0","  mutate(mmk_hhd_bin = case_when(value_per_household < 10000 ~ ""below_10k"","
"0","                             value_per_household >= 10000 & value_per_household <= 20000 ~ ""10k_20k"","
"0","                             value_per_household > 20000 & value_per_household <= 50000 ~ ""20k_50k"","
"0","                             value_per_household > 50000 & value_per_household <= 70000 ~ ""50k_70k"","
"0","                             value_per_household > 70000 & value_per_household < 100000 ~ ""70k_100k"","
"0","                             value_per_household >= 100000 & value_per_household < 200000 ~ ""100k_200k"","
"0","                             value_per_household >= 200000 & value_per_household <= 300000 ~ ""200k_300k"","
"0","                             value_per_household > 300000 ~ ""above_300k"","
"0","                             TRUE ~ NA_character_),"
"0","         mmk_hhd_bin = fct_relevel(mmk_hhd_bin, c(""less_than_10k"", ""10k_20k"",""20k_50k"", ""50k_70k"", ""70k_100k"", ""100k_200k"","
"0","                                          ""200k_300k"",""more_than_300k"")),"
"0","         frequency = recode(frequency, ""monthly"" = ""Monthly"")) %>%"
"0","  mutate(usd_hhd_bin = "
"0","           case_when(value_per_household_usd < 10 ~ ""<$10"","
"0","                     value_per_household_usd >= 10 & value_per_household_usd < 20 ~ "">=$10_<$20"","
"0","                     value_per_household_usd >= 20 & value_per_household_usd < 40 ~ "">=$20_<$40"","
"0","                     value_per_household_usd >= 40 & value_per_household_usd < 60 ~ "">=$40_<$60"","
"0","                     value_per_household_usd >= 60 & value_per_household_usd < 100 ~ "">=$60_<$100"","
"0","                     value_per_household_usd >= 100 & value_per_household_usd < 200 ~ "">=$100_<$200"","
"0","                     value_per_household_usd >= 200 ~ "">=$200"","
"0","                     TRUE ~ NA_character_),"
"0","         usd_hhd_bin = fct_relevel(usd_hhd_bin, c(""<$10"", "">=$10_<$20"", "">=$20_<$40"", "">=$40_<$60"", "
"0","                                                  "">=$60_<$100"", "">=$100_<$200"", "">=$200""))) %>% "
"0","  mutate(hrp_indicator ="
"0","          recode(hrp_indicator,"
"0","          ""Number of people who received food and/or cash assistance"" = "
"0","            ""1. Number of people who received food and/or cash assistance"","
"0","          ""Number of people who received agriculture and other livelihood support, contributing to household food security"" ="
"0","            ""2. Number of people who received agriculture and other livelihood support"")) %>% "
"0","  mutate(beneficiary_type = str_trim(beneficiary_type)) %>% "
"0","  mutate(beneficiary_type = as.character(fct_recode(beneficiary_type, "
"0","               ""Rakhine stateless"" = ""Non-displaced stateless people in Rakhine""))) %>% "
"0","  mutate(activity = recode(activity, "
"0","                          ""Provide monthly food baskets through in-kind assistance to acutely food insecure population in rural areas"" = "
"0","                            ""Provide monthly food baskets"","
"0","                          ""Provide technical training (agriculture, livestock breeding, livelihood)"" = ""Provide technical training"","
"0","                          ""Provide support for Income Generating Activities"" = ""Provide support for income generation"","
"0","                          ""Provide monthly cash-based transfers to acutely food insecure population in rural areas"" ="
"0","                            ""Provide monthly cash-based transfers"","
"0","                          ""Cash for Work / Food for Assets activities"" = ""Cash for Work / Food for Assets"","
"0","                          ""Provide fishery kits (in-kind / CBT)"" = ""Provide fishery kits"","
"0","                          ""Provide crops & vegetables kits (in-kind / CBT)"" = ""Provide crops & vegetables kits"","
"0","                          ""Provide livestock kits (in-kind / CBT)"" = ""Provide livestock kits""))"
"2","Warning in read_fun(path = enc2native(normalizePath(path)), sheet_i = sheet,  :"
"2","
 "
"2"," Expecting numeric in AX1154 / R1154C50: got 'MMR001014701510'
"
"2","Warning in read_fun(path = enc2native(normalizePath(path)), sheet_i = sheet,  :"
"2","
 "
"2"," Expecting numeric in AX1525 / R1525C50: got 'MMR001014701510'
"
"2","Warning in read_fun(path = enc2native(normalizePath(path)), sheet_i = sheet,  :"
"2","
 "
"2"," Expecting numeric in AX1937 / R1937C50: got 'MMR001014701510'
"
"2","Warning in read_fun(path = enc2native(normalizePath(path)), sheet_i = sheet,  :"
"2","
 "
"2"," Expecting numeric in AX2425 / R2425C50: got 'MMR010017701519'
"
"2","Warning in read_fun(path = enc2native(normalizePath(path)), sheet_i = sheet,  :"
"2","
 "
"2"," Expecting numeric in AX2426 / R2426C50: got 'MMR017022701514'
"
"2","Warning in read_fun(path = enc2native(normalizePath(path)), sheet_i = sheet,  :"
"2","
 "
"2"," Expecting numeric in AX2437 / R2437C50: got 'MMR010017701519'
"
"2","Warning in read_fun(path = enc2native(normalizePath(path)), sheet_i = sheet,  :"
"2","
 "
"2"," Expecting numeric in AX2438 / R2438C50: got 'MMR010017701520'
"
"2","Warning in read_fun(path = enc2native(normalizePath(path)), sheet_i = sheet,  :"
"2","
 "
"2"," Expecting numeric in AX2439 / R2439C50: got 'MMR017022701515'
"
"2","Warning in read_fun(path = enc2native(normalizePath(path)), sheet_i = sheet,  :"
"2","
 "
"2"," Expecting numeric in AX2700 / R2700C50: got 'MMR011010701505'
"
"2","Warning in read_fun(path = enc2native(normalizePath(path)), sheet_i = sheet,  :"
"2","
 "
"2"," Expecting numeric in AX2701 / R2701C50: got 'MMR010004701510'
"
"2","Warning in read_fun(path = enc2native(normalizePath(path)), sheet_i = sheet,  :"
"2","
 "
"2"," Expecting numeric in AX2712 / R2712C50: got 'MMR008013701505'
"
"2","Warning in read_fun(path = enc2native(normalizePath(path)), sheet_i = sheet,  :"
"2","
 "
"2"," Expecting numeric in AX2730 / R2730C50: got 'MMR017024701507'
"
"2","Warning in read_fun(path = enc2native(normalizePath(path)), sheet_i = sheet,  :"
"2","
 "
"2"," Expecting numeric in AX2735 / R2735C50: got 'MMR013018701507'
"
"2","Warning in read_fun(path = enc2native(normalizePath(path)), sheet_i = sheet,  :"
"2","
 "
"2"," Expecting numeric in AQ2746 / R2746C43: got '0.36 percent'
"
"2","Warning in read_fun(path = enc2native(normalizePath(path)), sheet_i = sheet,  :"
"2","
 "
"2"," Expecting numeric in AX2746 / R2746C50: got 'MMR012009701507'
"
"2","Warning in read_fun(path = enc2native(normalizePath(path)), sheet_i = sheet,  :"
"2","
 "
"2"," Expecting numeric in AQ2747 / R2747C43: got '0.36 percent'
"
"2","Warning in read_fun(path = enc2native(normalizePath(path)), sheet_i = sheet,  :"
"2","
 "
"2"," Expecting numeric in AX2747 / R2747C50: got 'MMR012009701507'
"
"2","Warning in read_fun(path = enc2native(normalizePath(path)), sheet_i = sheet,  :"
"2","
 "
"2"," Expecting numeric in AQ2748 / R2748C43: got '0.36 percent'
"
"2","Warning in read_fun(path = enc2native(normalizePath(path)), sheet_i = sheet,  :"
"2","
 "
"2"," Expecting numeric in AQ2749 / R2749C43: got '0.36 percent'
"
"2","Warning in read_fun(path = enc2native(normalizePath(path)), sheet_i = sheet,  :"
"2","
 "
"2"," Expecting numeric in AX2749 / R2749C50: got 'MMR012009701505'
"
"2","Warning in read_fun(path = enc2native(normalizePath(path)), sheet_i = sheet,  :"
"2","
 "
"2"," Expecting numeric in AQ2750 / R2750C43: got '0.36 percent'
"
"2","Warning in read_fun(path = enc2native(normalizePath(path)), sheet_i = sheet,  :"
"2","
 "
"2"," Expecting numeric in AQ2751 / R2751C43: got '0.36 percent'
"
"2","Warning in read_fun(path = enc2native(normalizePath(path)), sheet_i = sheet,  :"
"2","
 "
"2"," Expecting numeric in AQ2752 / R2752C43: got '0.36 percent'
"
"2","Warning in read_fun(path = enc2native(normalizePath(path)), sheet_i = sheet,  :"
"2","
 "
"2"," Expecting numeric in AQ2753 / R2753C43: got '0.36 percent'
"
"2","Warning in read_fun(path = enc2native(normalizePath(path)), sheet_i = sheet,  :"
"2","
 "
"2"," Expecting numeric in AQ2754 / R2754C43: got '0.36 percent'
"
"2","Warning in read_fun(path = enc2native(normalizePath(path)), sheet_i = sheet,  :"
"2","
 "
"2"," Expecting numeric in AQ2755 / R2755C43: got '0.36 percent'
"
"2","Warning in read_fun(path = enc2native(normalizePath(path)), sheet_i = sheet,  :"
"2","
 "
"2"," Expecting numeric in AQ2756 / R2756C43: got '0.36 percent'
"
"2","Warning in read_fun(path = enc2native(normalizePath(path)), sheet_i = sheet,  :"
"2","
 "
"2"," Expecting numeric in AQ2757 / R2757C43: got '0.36 percent'
"
"2","Warning in read_fun(path = enc2native(normalizePath(path)), sheet_i = sheet,  :"
"2","
 "
"2"," Expecting numeric in AX2757 / R2757C50: got 'MMR012009701507'
"
"2","Warning in read_fun(path = enc2native(normalizePath(path)), sheet_i = sheet,  :"
"2","
 "
"2"," Expecting numeric in AX2758 / R2758C50: got 'MMR012009701505'
"
"2","Warning in read_fun(path = enc2native(normalizePath(path)), sheet_i = sheet,  :"
"2","
 "
"2"," Expecting numeric in AX3166 / R3166C50: got 'MMR013021701501'
"
"2","Warning in read_fun(path = enc2native(normalizePath(path)), sheet_i = sheet,  :"
"2","
 "
"2"," Expecting numeric in AX3167 / R3167C50: got 'MMR013021701522'
"
"2","Warning in read_fun(path = enc2native(normalizePath(path)), sheet_i = sheet,  :"
"2","
 "
"2"," Expecting numeric in AX3168 / R3168C50: got 'MMR013021701523'
"
"2","Warning in read_fun(path = enc2native(normalizePath(path)), sheet_i = sheet,  :"
"2","
 "
"2"," Expecting numeric in AX3207 / R3207C50: got 'MMR013021701528'
"
"2","Warning in read_fun(path = enc2native(normalizePath(path)), sheet_i = sheet,  :"
"2","
 "
"2"," Expecting numeric in AX3208 / R3208C50: got 'MMR013021701530'
"
"2","Warning in read_fun(path = enc2native(normalizePath(path)), sheet_i = sheet,  :"
"2","
 "
"2"," Expecting numeric in AX3209 / R3209C50: got 'MMR013021701535'
"
"2","Warning in read_fun(path = enc2native(normalizePath(path)), sheet_i = sheet,  :"
"2","
 "
"2"," Expecting numeric in AX3214 / R3214C50: got 'MMR013021701501'
"
"2","Warning in read_fun(path = enc2native(normalizePath(path)), sheet_i = sheet,  :"
"2","
 "
"2"," Expecting numeric in AX3215 / R3215C50: got 'MMR013021701522'
"
"2","Warning in read_fun(path = enc2native(normalizePath(path)), sheet_i = sheet,  :"
"2","
 "
"2"," Expecting numeric in AX3216 / R3216C50: got 'MMR013021701523'
"
"2","Warning in read_fun(path = enc2native(normalizePath(path)), sheet_i = sheet,  :"
"2","
 "
"2"," Expecting numeric in AX3217 / R3217C50: got 'MMR013021701528'
"
"2","Warning in read_fun(path = enc2native(normalizePath(path)), sheet_i = sheet,  :"
"2","
 "
"2"," Expecting numeric in AX3218 / R3218C50: got 'MMR013021701530'
"
"2","Warning in read_fun(path = enc2native(normalizePath(path)), sheet_i = sheet,  :"
"2","
 "
"2"," Expecting numeric in AX3219 / R3219C50: got 'MMR013021701535'
"
"2","Warning in read_fun(path = enc2native(normalizePath(path)), sheet_i = sheet,  :"
"2","
 "
"2"," Expecting numeric in AX3224 / R3224C50: got 'MMR013021701501'
"
"2","Warning in read_fun(path = enc2native(normalizePath(path)), sheet_i = sheet,  :"
"2","
 "
"2"," Expecting numeric in AX3225 / R3225C50: got 'MMR013021701522'
"
"2","Warning in read_fun(path = enc2native(normalizePath(path)), sheet_i = sheet,  :"
"2","
 "
"2"," Expecting numeric in AX3226 / R3226C50: got 'MMR013021701523'
"
"2","Warning in read_fun(path = enc2native(normalizePath(path)), sheet_i = sheet,  :"
"2","
 "
"2"," Expecting numeric in AX3227 / R3227C50: got 'MMR013021701528'
"
"2","Warning in read_fun(path = enc2native(normalizePath(path)), sheet_i = sheet,  :"
"2","
 "
"2"," Expecting numeric in AX3228 / R3228C50: got 'MMR013021701530'
"
"2","Warning in read_fun(path = enc2native(normalizePath(path)), sheet_i = sheet,  :"
"2","
 "
"2"," Expecting numeric in AX3229 / R3229C50: got 'MMR013021701535'
"
"2","Warning in read_fun(path = enc2native(normalizePath(path)), sheet_i = sheet,  :"
"2","
 "
"2"," Expecting numeric in AX3258 / R3258C50: got 'MMR013021701501'
"
"2","Warning in read_fun(path = enc2native(normalizePath(path)), sheet_i = sheet,  :"
"2","
 "
"2"," Expecting numeric in AX3259 / R3259C50: got 'MMR013021701522'
"
"2","Warning in read_fun(path = enc2native(normalizePath(path)), sheet_i = sheet,  :"
"2","
 "
"2"," Expecting numeric in AX3260 / R3260C50: got 'MMR013021701523'
"
"2","Warning in read_fun(path = enc2native(normalizePath(path)), sheet_i = sheet,  :"
"2","
 "
"2"," Expecting numeric in AX3261 / R3261C50: got 'MMR013021701528'
"
"2","Warning in read_fun(path = enc2native(normalizePath(path)), sheet_i = sheet,  :"
"2","
 "
"2"," Expecting numeric in AX3262 / R3262C50: got 'MMR013021701530'
"
"2","Warning in read_fun(path = enc2native(normalizePath(path)), sheet_i = sheet,  :"
"2","
 "
"2"," Expecting numeric in AX3263 / R3263C50: got 'MMR013021701535'
"
"2","Warning in read_fun(path = enc2native(normalizePath(path)), sheet_i = sheet,  :"
"2","
 "
"2"," Expecting numeric in AX3268 / R3268C50: got 'MMR013021701501'
"
"2","Warning in read_fun(path = enc2native(normalizePath(path)), sheet_i = sheet,  :"
"2","
 "
"2"," Expecting numeric in AX3269 / R3269C50: got 'MMR013021701522'
"
"2","Warning in read_fun(path = enc2native(normalizePath(path)), sheet_i = sheet,  :"
"2","
 "
"2"," Expecting numeric in AX3270 / R3270C50: got 'MMR013021701523'
"
"2","Warning in read_fun(path = enc2native(normalizePath(path)), sheet_i = sheet,  :"
"2","
 "
"2"," Expecting numeric in AX3271 / R3271C50: got 'MMR013021701528'
"
"2","Warning in read_fun(path = enc2native(normalizePath(path)), sheet_i = sheet,  :"
"2","
 "
"2"," Expecting numeric in AX3272 / R3272C50: got 'MMR013021701530'
"
"2","Warning in read_fun(path = enc2native(normalizePath(path)), sheet_i = sheet,  :"
"2","
 "
"2"," Expecting numeric in AX3273 / R3273C50: got 'MMR013021701535'
"
"2","Warning in read_fun(path = enc2native(normalizePath(path)), sheet_i = sheet,  :"
"2","
 "
"2"," Expecting numeric in AX3278 / R3278C50: got 'MMR013021701501'
"
"2","Warning in read_fun(path = enc2native(normalizePath(path)), sheet_i = sheet,  :"
"2","
 "
"2"," Expecting numeric in AX3279 / R3279C50: got 'MMR013021701522'
"
"2","Warning in read_fun(path = enc2native(normalizePath(path)), sheet_i = sheet,  :"
"2","
 "
"2"," Expecting numeric in AX3280 / R3280C50: got 'MMR013021701523'
"
"2","Warning in read_fun(path = enc2native(normalizePath(path)), sheet_i = sheet,  :"
"2","
 "
"2"," Expecting numeric in AX3281 / R3281C50: got 'MMR013021701528'
"
"2","Warning in read_fun(path = enc2native(normalizePath(path)), sheet_i = sheet,  :"
"2","
 "
"2"," Expecting numeric in AX3282 / R3282C50: got 'MMR013021701530'
"
"2","Warning in read_fun(path = enc2native(normalizePath(path)), sheet_i = sheet,  :"
"2","
 "
"2"," Expecting numeric in AX3283 / R3283C50: got 'MMR013021701535'
"
"2","Warning in read_fun(path = enc2native(normalizePath(path)), sheet_i = sheet,  :"
"2","
 "
"2"," Expecting numeric in AX3395 / R3395C50: got 'MMR013023701503'
"
"2","Warning in read_fun(path = enc2native(normalizePath(path)), sheet_i = sheet,  :"
"2","
 "
"2"," Expecting numeric in AX3396 / R3396C50: got 'MMR013023701501'
"
"2","Warning in read_fun(path = enc2native(normalizePath(path)), sheet_i = sheet,  :"
"2","
 "
"2"," Expecting numeric in AX3401 / R3401C50: got 'MMR010006701507'
"
"2","Warning in read_fun(path = enc2native(normalizePath(path)), sheet_i = sheet,  :"
"2","
 "
"2"," Expecting numeric in AX3405 / R3405C50: got 'MMR010006701502'
"
"2","Warning in read_fun(path = enc2native(normalizePath(path)), sheet_i = sheet,  :"
"2","
 "
"2"," Expecting numeric in AX3410 / R3410C50: got 'MMR010006701502'
"
"2","Warning in read_fun(path = enc2native(normalizePath(path)), sheet_i = sheet,  :"
"2","
 "
"2"," Expecting numeric in AX3413 / R3413C50: got 'MMR010006701502'
"
"2","Warning in read_fun(path = enc2native(normalizePath(path)), sheet_i = sheet,  :"
"2","
 "
"2"," Expecting numeric in AX3416 / R3416C50: got 'MMR010006701503'
"
"2","Warning in read_fun(path = enc2native(normalizePath(path)), sheet_i = sheet,  :"
"2","
 "
"2"," Expecting numeric in AX3417 / R3417C50: got 'MMR010006701503'
"
"2","Warning in read_fun(path = enc2native(normalizePath(path)), sheet_i = sheet,  :"
"2","
 "
"2"," Expecting numeric in AX3461 / R3461C50: got 'MMR010006701507'
"
"2","Warning in read_fun(path = enc2native(normalizePath(path)), sheet_i = sheet,  :"
"2","
 "
"2"," Expecting numeric in AX3477 / R3477C50: got 'MMR010001701501'
"
"2","Warning in read_fun(path = enc2native(normalizePath(path)), sheet_i = sheet,  :"
"2","
 "
"2"," Expecting numeric in AX3478 / R3478C50: got 'MMR010001701502'
"
"2","Warning in read_fun(path = enc2native(normalizePath(path)), sheet_i = sheet,  :"
"2","
 "
"2"," Expecting numeric in AX3479 / R3479C50: got 'MMR010001701509'
"
"2","Warning in read_fun(path = enc2native(normalizePath(path)), sheet_i = sheet,  :"
"2","
 "
"2"," Expecting numeric in AX3480 / R3480C50: got 'MMR010001701517'
"
"2","Warning in read_fun(path = enc2native(normalizePath(path)), sheet_i = sheet,  :"
"2","
 "
"2"," Expecting numeric in AX3481 / R3481C50: got 'MMR009002701503'
"
"2","Warning in read_fun(path = enc2native(normalizePath(path)), sheet_i = sheet,  :"
"2","
 "
"2"," Expecting numeric in AX3482 / R3482C50: got 'MMR010001701515'
"
"2","Warning in read_fun(path = enc2native(normalizePath(path)), sheet_i = sheet,  :"
"2","
 "
"2"," Expecting numeric in AX3483 / R3483C50: got 'MMR010001701513'
"
"2","Warning in read_fun(path = enc2native(normalizePath(path)), sheet_i = sheet,  :"
"2","
 "
"2"," Expecting numeric in AX3484 / R3484C50: got 'MMR010001701511'
"
"2","Warning in read_fun(path = enc2native(normalizePath(path)), sheet_i = sheet,  :"
"2","
 "
"2"," Expecting numeric in AX3485 / R3485C50: got 'MMR010001701510'
"
"2","Warning in read_fun(path = enc2native(normalizePath(path)), sheet_i = sheet,  :"
"2","
 "
"2"," Expecting numeric in AX3486 / R3486C50: got 'MMR010001701508'
"
"2","Warning in read_fun(path = enc2native(normalizePath(path)), sheet_i = sheet,  :"
"2","
 "
"2"," Expecting numeric in AX3487 / R3487C50: got 'MMR003002701501'
"
"2","Warning in read_fun(path = enc2native(normalizePath(path)), sheet_i = sheet,  :"
"2","
 "
"2"," Expecting numeric in AX3488 / R3488C50: got 'MMR010005701501'
"
"2","Warning in read_fun(path = enc2native(normalizePath(path)), sheet_i = sheet,  :"
"2","
 "
"2"," Expecting numeric in AX3489 / R3489C50: got 'MMR003002701502'
"
"2","Warning in read_fun(path = enc2native(normalizePath(path)), sheet_i = sheet,  :"
"2","
 "
"2"," Expecting numeric in AX3490 / R3490C50: got 'MMR003002701503'
"
"2","Warning in read_fun(path = enc2native(normalizePath(path)), sheet_i = sheet,  :"
"2","
 "
"2"," Expecting numeric in AX3491 / R3491C50: got 'MMR010005701504'
"
"2","Warning in read_fun(path = enc2native(normalizePath(path)), sheet_i = sheet,  :"
"2","
 "
"2"," Expecting numeric in AX3492 / R3492C50: got 'MMR010005701505'
"
"2","Warning in read_fun(path = enc2native(normalizePath(path)), sheet_i = sheet,  :"
"2","
 "
"2"," Expecting numeric in AX3493 / R3493C50: got 'MMR010005701502'
"
"2","Warning in read_fun(path = enc2native(normalizePath(path)), sheet_i = sheet,  :"
"2","
 "
"2"," Expecting numeric in AX3494 / R3494C50: got 'MMR010005701507'
"
"2","Warning in read_fun(path = enc2native(normalizePath(path)), sheet_i = sheet,  :"
"2","
 "
"2"," Expecting numeric in AX3495 / R3495C50: got 'MMR003002701504'
"
"2","Warning in read_fun(path = enc2native(normalizePath(path)), sheet_i = sheet,  :"
"2","
 "
"2"," Expecting numeric in AX3496 / R3496C50: got 'MMR010005701513'
"
"2","Warning in read_fun(path = enc2native(normalizePath(path)), sheet_i = sheet,  :"
"2","
 "
"2"," Expecting numeric in AX3497 / R3497C50: got 'MMR010005701514'
"
"2","Warning in read_fun(path = enc2native(normalizePath(path)), sheet_i = sheet,  :"
"2","
 "
"2"," Expecting numeric in AX3498 / R3498C50: got 'MMR010005701503'
"
"2","Warning in read_fun(path = enc2native(normalizePath(path)), sheet_i = sheet,  :"
"2","
 "
"2"," Expecting numeric in AX3499 / R3499C50: got 'MMR010005701506'
"
"2","Warning in read_fun(path = enc2native(normalizePath(path)), sheet_i = sheet,  :"
"2","
 "
"2"," Expecting numeric in AX3500 / R3500C50: got 'MMR010005701501'
"
"2","Warning in read_fun(path = enc2native(normalizePath(path)), sheet_i = sheet,  :"
"2","
 "
"2"," Expecting numeric in AX3501 / R3501C50: got 'MMR003002701502'
"
"2","Warning in read_fun(path = enc2native(normalizePath(path)), sheet_i = sheet,  :"
"2","
 "
"2"," Expecting numeric in AX3502 / R3502C50: got 'MMR003002701503'
"
"2","Warning in read_fun(path = enc2native(normalizePath(path)), sheet_i = sheet,  :"
"2","
 "
"2"," Expecting numeric in AX3503 / R3503C50: got 'MMR010005701502'
"
"2","Warning in read_fun(path = enc2native(normalizePath(path)), sheet_i = sheet,  :"
"2","
 "
"2"," Expecting numeric in AX3504 / R3504C50: got 'MMR010005701507'
"
"2","Warning in read_fun(path = enc2native(normalizePath(path)), sheet_i = sheet,  :"
"2","
 "
"2"," Expecting numeric in AX3505 / R3505C50: got 'MMR010005701504'
"
"2","Warning in read_fun(path = enc2native(normalizePath(path)), sheet_i = sheet,  :"
"2","
 "
"2"," Expecting numeric in AX3506 / R3506C50: got 'MMR003002701504'
"
"2","Warning in read_fun(path = enc2native(normalizePath(path)), sheet_i = sheet,  :"
"2","
 "
"2"," Expecting numeric in AX3507 / R3507C50: got 'MMR010005701503'
"
"2","Warning in read_fun(path = enc2native(normalizePath(path)), sheet_i = sheet,  :"
"2","
 "
"2"," Expecting numeric in AX3508 / R3508C50: got 'MMR010005701513'
"
"2","Warning in read_fun(path = enc2native(normalizePath(path)), sheet_i = sheet,  :"
"2","
 "
"2"," Expecting numeric in AX3509 / R3509C50: got 'MMR010005701514'
"
"2","Warning in read_fun(path = enc2native(normalizePath(path)), sheet_i = sheet,  :"
"2","
 "
"2"," Expecting numeric in AX3510 / R3510C50: got 'MMR010005701506'
"
"2","Warning in read_fun(path = enc2native(normalizePath(path)), sheet_i = sheet,  :"
"2","
 "
"2"," Expecting numeric in AX3511 / R3511C50: got 'MMR010005701503'
"
"2","Warning in read_fun(path = enc2native(normalizePath(path)), sheet_i = sheet,  :"
"2","
 "
"2"," Expecting numeric in AX3512 / R3512C50: got 'MMR010005701502'
"
"2","Warning in read_fun(path = enc2native(normalizePath(path)), sheet_i = sheet,  :"
"2","
 "
"2"," Expecting numeric in AX3513 / R3513C50: got 'MMR010005701513'
"
"2","Warning in read_fun(path = enc2native(normalizePath(path)), sheet_i = sheet,  :"
"2","
 "
"2"," Expecting numeric in AX3514 / R3514C50: got 'MMR003002701503'
"
"2","Warning in read_fun(path = enc2native(normalizePath(path)), sheet_i = sheet,  :"
"2","
 "
"2"," Expecting numeric in AX3515 / R3515C50: got 'MMR010005701513'
"
"2","Warning in read_fun(path = enc2native(normalizePath(path)), sheet_i = sheet,  :"
"2","
 "
"2"," Expecting numeric in AX4084 / R4084C50: got 'MMR010003701512'
"
"2","Warning in read_fun(path = enc2native(normalizePath(path)), sheet_i = sheet,  :"
"2","
 "
"2"," Expecting numeric in AX4085 / R4085C50: got 'MMR010003701515'
"
"2","Warning in read_fun(path = enc2native(normalizePath(path)), sheet_i = sheet,  :"
"2","
 "
"2"," Expecting numeric in AX4086 / R4086C50: got 'MMR010001701510'
"
"2","Warning in read_fun(path = enc2native(normalizePath(path)), sheet_i = sheet,  :"
"2","
 "
"2"," Expecting numeric in AX4087 / R4087C50: got 'MMR009002701503'
"
"2","Warning in read_fun(path = enc2native(normalizePath(path)), sheet_i = sheet,  :"
"2","
 "
"2"," Expecting numeric in AX4097 / R4097C50: got 'MMR010003701512'
"
"2","Warning in read_fun(path = enc2native(normalizePath(path)), sheet_i = sheet,  :"
"2","
 "
"2"," Expecting numeric in AX4098 / R4098C50: got 'MMR010003701515'
"
"2","Warning in read_fun(path = enc2native(normalizePath(path)), sheet_i = sheet,  :"
"2","
 "
"2"," Expecting numeric in AX4099 / R4099C50: got 'MMR010001701510'
"
"2","Warning in read_fun(path = enc2native(normalizePath(path)), sheet_i = sheet,  :"
"2","
 "
"2"," Expecting numeric in AX4100 / R4100C50: got 'MMR009002701503'
"
"2","Warning in read_fun(path = enc2native(normalizePath(path)), sheet_i = sheet,  :"
"2","
 "
"2"," Expecting numeric in AX4226 / R4226C50: got 'MMR013021701535'
"
"2","Warning in read_fun(path = enc2native(normalizePath(path)), sheet_i = sheet,  :"
"2","
 "
"2"," Expecting numeric in AX4227 / R4227C50: got 'MMR013021701501'
"
"2","Warning in read_fun(path = enc2native(normalizePath(path)), sheet_i = sheet,  :"
"2","
 "
"2"," Expecting numeric in AX4228 / R4228C50: got 'MMR013021701503'
"
"2","Warning in read_fun(path = enc2native(normalizePath(path)), sheet_i = sheet,  :"
"2","
 "
"2"," Expecting numeric in AX4229 / R4229C50: got 'MMR013021701504'
"
"2","Warning in read_fun(path = enc2native(normalizePath(path)), sheet_i = sheet,  :"
"2","
 "
"2"," Expecting numeric in AX4230 / R4230C50: got 'MMR013021701505'
"
"2","Warning in read_fun(path = enc2native(normalizePath(path)), sheet_i = sheet,  :"
"2","
 "
"2"," Expecting numeric in AX4231 / R4231C50: got 'MMR013021701506'
"
"2","Warning in read_fun(path = enc2native(normalizePath(path)), sheet_i = sheet,  :"
"2","
 "
"2"," Expecting numeric in AX4232 / R4232C50: got 'MMR013021701507'
"
"2","Warning in read_fun(path = enc2native(normalizePath(path)), sheet_i = sheet,  :"
"2","
 "
"2"," Expecting numeric in AX4233 / R4233C50: got 'MMR013021701514'
"
"2","Warning in read_fun(path = enc2native(normalizePath(path)), sheet_i = sheet,  :"
"2","
 "
"2"," Expecting numeric in AX4234 / R4234C50: got 'MMR013021701522'
"
"2","Warning in read_fun(path = enc2native(normalizePath(path)), sheet_i = sheet,  :"
"2","
 "
"2"," Expecting numeric in AX4235 / R4235C50: got 'MMR013021701523'
"
"2","Warning in read_fun(path = enc2native(normalizePath(path)), sheet_i = sheet,  :"
"2","
 "
"2"," Expecting numeric in AX4236 / R4236C50: got 'MMR013021701524'
"
"2","Warning in read_fun(path = enc2native(normalizePath(path)), sheet_i = sheet,  :"
"2","
 "
"2"," Expecting numeric in AX4237 / R4237C50: got 'MMR013021701525'
"
"2","Warning in read_fun(path = enc2native(normalizePath(path)), sheet_i = sheet,  :"
"2","
 "
"2"," Expecting numeric in AX4238 / R4238C50: got 'MMR013021701526'
"
"2","Warning in read_fun(path = enc2native(normalizePath(path)), sheet_i = sheet,  :"
"2","
 "
"2"," Expecting numeric in AX4239 / R4239C50: got 'MMR013021701527'
"
"2","Warning in read_fun(path = enc2native(normalizePath(path)), sheet_i = sheet,  :"
"2","
 "
"2"," Expecting numeric in AX4240 / R4240C50: got 'MMR013021701528'
"
"2","Warning in read_fun(path = enc2native(normalizePath(path)), sheet_i = sheet,  :"
"2","
 "
"2"," Expecting numeric in AX4241 / R4241C50: got 'MMR013021701529'
"
"2","Warning in read_fun(path = enc2native(normalizePath(path)), sheet_i = sheet,  :"
"2","
 "
"2"," Expecting numeric in AX4242 / R4242C50: got 'MMR013021701530'
"
"2","Warning in read_fun(path = enc2native(normalizePath(path)), sheet_i = sheet,  :"
"2","
 "
"2"," Expecting numeric in AX4247 / R4247C50: got 'MMR017024701504'
"
"2","Warning in read_fun(path = enc2native(normalizePath(path)), sheet_i = sheet,  :"
"2","
 "
"2"," Expecting numeric in AX4248 / R4248C50: got 'MMR017024701505'
"
"2","Warning in read_fun(path = enc2native(normalizePath(path)), sheet_i = sheet,  :"
"2","
 "
"2"," Expecting numeric in AX4249 / R4249C50: got 'MMR017024701508'
"
"2","Warning in read_fun(path = enc2native(normalizePath(path)), sheet_i = sheet,  :"
"2","
 "
"2"," Expecting numeric in AX4250 / R4250C50: got 'MMR017024701509'
"
"2","Warning in read_fun(path = enc2native(normalizePath(path)), sheet_i = sheet,  :"
"2","
 "
"2"," Expecting numeric in AX4251 / R4251C50: got 'MMR017022701513'
"
"2","Warning in read_fun(path = enc2native(normalizePath(path)), sheet_i = sheet,  :"
"2","
 "
"2"," Expecting numeric in AX4252 / R4252C50: got 'MMR017022701516'
"
"2","Warning in read_fun(path = enc2native(normalizePath(path)), sheet_i = sheet,  :"
"2","
 "
"2"," Expecting numeric in AX4253 / R4253C50: got 'MMR017022701518'
"
"2","Warning in read_fun(path = enc2native(normalizePath(path)), sheet_i = sheet,  :"
"2","
 "
"2"," Expecting numeric in AX4256 / R4256C50: got 'MMR017024701503'
"
"2","Warning in read_fun(path = enc2native(normalizePath(path)), sheet_i = sheet,  :"
"2","
 "
"2"," Expecting numeric in AX4257 / R4257C50: got 'MMR017024701507'
"
"2","Warning in read_fun(path = enc2native(normalizePath(path)), sheet_i = sheet,  :"
"2","
 "
"2"," Expecting numeric in AX4262 / R4262C50: got 'MMR017024701506'
"
"2","Warning in read_fun(path = enc2native(normalizePath(path)), sheet_i = sheet,  :"
"2","
 "
"2"," Expecting numeric in AX4263 / R4263C50: got 'MMR017022701517'
"
"2","Warning in read_fun(path = enc2native(normalizePath(path)), sheet_i = sheet,  :"
"2","
 "
"2"," Expecting numeric in AX4264 / R4264C50: got 'MMR010017701519'
"
"2","Warning in read_fun(path = enc2native(normalizePath(path)), sheet_i = sheet,  :"
"2","
 "
"2"," Expecting numeric in AX4266 / R4266C50: got 'MMR017024701501'
"
"2","Warning in read_fun(path = enc2native(normalizePath(path)), sheet_i = sheet,  :"
"2","
 "
"2"," Expecting numeric in AX4267 / R4267C50: got 'MMR017024701502'
"
"2","Warning in read_fun(path = enc2native(normalizePath(path)), sheet_i = sheet,  :"
"2","
 "
"2"," Expecting numeric in AX4268 / R4268C50: got 'MMR017024701510'
"
"2","Warning in read_fun(path = enc2native(normalizePath(path)), sheet_i = sheet,  :"
"2","
 "
"2"," Expecting numeric in AX4269 / R4269C50: got 'MMR017022701511'
"
"2","Warning in read_fun(path = enc2native(normalizePath(path)), sheet_i = sheet,  :"
"2","
 "
"2"," Expecting numeric in AX4270 / R4270C50: got 'MMR017022701512'
"
"2","Warning in read_fun(path = enc2native(normalizePath(path)), sheet_i = sheet,  :"
"2","
 "
"2"," Expecting numeric in AX4271 / R4271C50: got 'MMR017022701514'
"
"2","Warning in read_fun(path = enc2native(normalizePath(path)), sheet_i = sheet,  :"
"2","
 "
"2"," Expecting numeric in AX4272 / R4272C50: got 'MMR017022701515'
"
"2","Warning in read_fun(path = enc2native(normalizePath(path)), sheet_i = sheet,  :"
"2","
 "
"2"," Expecting numeric in AX4273 / R4273C50: got 'MMR010017701520'
"
"2","Warning in read_fun(path = enc2native(normalizePath(path)), sheet_i = sheet,  :"
"2","
 "
"2"," Expecting numeric in AX4276 / R4276C50: got 'MMR007014701501'
"
"2","Warning in read_fun(path = enc2native(normalizePath(path)), sheet_i = sheet,  :"
"2","
 "
"2"," Expecting numeric in AX4277 / R4277C50: got 'MMR013030701512'
"
"2","Warning in read_fun(path = enc2native(normalizePath(path)), sheet_i = sheet,  :"
"2","
 "
"2"," Expecting numeric in AX4278 / R4278C50: got 'MMR013030701516'
"
"2","Warning in read_fun(path = enc2native(normalizePath(path)), sheet_i = sheet,  :"
"2","
 "
"2"," Expecting numeric in AX4279 / R4279C50: got 'MMR013030701515'
"
"2","Warning in read_fun(path = enc2native(normalizePath(path)), sheet_i = sheet,  :"
"2","
 "
"2"," Expecting numeric in AX4280 / R4280C50: got 'MMR013030701514'
"
"2","Warning in read_fun(path = enc2native(normalizePath(path)), sheet_i = sheet,  :"
"2","
 "
"2"," Expecting numeric in AX4281 / R4281C50: got 'MMR013030701509'
"
"2","Warning in read_fun(path = enc2native(normalizePath(path)), sheet_i = sheet,  :"
"2","
 "
"2"," Expecting numeric in AX4282 / R4282C50: got 'MMR013030701510'
"
"2","Warning in read_fun(path = enc2native(normalizePath(path)), sheet_i = sheet,  :"
"2","
 "
"2"," Expecting numeric in AX4283 / R4283C50: got 'MMR013030701513'
"
"2","Warning in read_fun(path = enc2native(normalizePath(path)), sheet_i = sheet,  :"
"2","
 "
"2"," Expecting numeric in AX4292 / R4292C50: got 'MMR013030701521'
"
"2","Warning in read_fun(path = enc2native(normalizePath(path)), sheet_i = sheet,  :"
"2","
 "
"2"," Expecting numeric in AX4293 / R4293C50: got 'MMR018005701501'
"
"2","Warning in read_fun(path = enc2native(normalizePath(path)), sheet_i = sheet,  :"
"2","
 "
"2"," Expecting numeric in AX4294 / R4294C50: got 'MMR013030701523'
"
"2","Warning in read_fun(path = enc2native(normalizePath(path)), sheet_i = sheet,  :"
"2","
 "
"2"," Expecting numeric in AX4295 / R4295C50: got 'MMR010022702501'
"
"2","Warning in read_fun(path = enc2native(normalizePath(path)), sheet_i = sheet,  :"
"2","
 "
"2"," Expecting numeric in AX4296 / R4296C50: got 'MMR013030701517'
"
"2","Warning in read_fun(path = enc2native(normalizePath(path)), sheet_i = sheet,  :"
"2","
 "
"2"," Expecting numeric in AX4297 / R4297C50: got 'MMR007006702501'
"
"2","Warning in read_fun(path = enc2native(normalizePath(path)), sheet_i = sheet,  :"
"2","
 "
"2"," Expecting numeric in AX4298 / R4298C50: got 'MMR013030701524'
"
"2","Warning in read_fun(path = enc2native(normalizePath(path)), sheet_i = sheet,  :"
"2","
 "
"2"," Expecting numeric in AX4299 / R4299C50: got 'MMR013030701522'
"
"2","Warning in read_fun(path = enc2native(normalizePath(path)), sheet_i = sheet,  :"
"2","
 "
"2"," Expecting numeric in AX4308 / R4308C50: got 'MMR013030701503'
"
"2","Warning in read_fun(path = enc2native(normalizePath(path)), sheet_i = sheet,  :"
"2","
 "
"2"," Expecting numeric in AX4309 / R4309C50: got 'MMR013030701502'
"
"2","Warning in read_fun(path = enc2native(normalizePath(path)), sheet_i = sheet,  :"
"2","
 "
"2"," Expecting numeric in AX4310 / R4310C50: got 'MMR013030701507'
"
"2","Warning in read_fun(path = enc2native(normalizePath(path)), sheet_i = sheet,  :"
"2","
 "
"2"," Expecting numeric in AX4311 / R4311C50: got 'MMR013030701508'
"
"2","Warning in read_fun(path = enc2native(normalizePath(path)), sheet_i = sheet,  :"
"2","
 "
"2"," Expecting numeric in AX4312 / R4312C50: got 'MMR013030701505'
"
"2","Warning in read_fun(path = enc2native(normalizePath(path)), sheet_i = sheet,  :"
"2","
 "
"2"," Expecting numeric in AX4313 / R4313C50: got 'MMR017024701506'
"
"2","Warning in read_fun(path = enc2native(normalizePath(path)), sheet_i = sheet,  :"
"2","
 "
"2"," Expecting numeric in AX4314 / R4314C50: got 'MMR001007705502'
"
"2","Warning in read_fun(path = enc2native(normalizePath(path)), sheet_i = sheet,  :"
"2","
 "
"2"," Expecting numeric in AX4315 / R4315C50: got 'MMR013030701501'
"
"2","Warning in read_fun(path = enc2native(normalizePath(path)), sheet_i = sheet,  :"
"2","
 "
"2"," Expecting numeric in AX4406 / R4406C50: got 'MMR001014701510'
"
"2","Warning in read_fun(path = enc2native(normalizePath(path)), sheet_i = sheet,  :"
"2","
 "
"2"," Expecting numeric in AX5018 / R5018C50: got 'MMR010017701519'
"
"2","Warning in read_fun(path = enc2native(normalizePath(path)), sheet_i = sheet,  :"
"2","
 "
"2"," Expecting numeric in AX5019 / R5019C50: got 'MMR010017701519'
"
"2","Warning in read_fun(path = enc2native(normalizePath(path)), sheet_i = sheet,  :"
"2","
 "
"2"," Expecting numeric in AX5020 / R5020C50: got 'MMR010017701520'
"
"2","Warning in read_fun(path = enc2native(normalizePath(path)), sheet_i = sheet,  :"
"2","
 "
"2"," Expecting numeric in AX5021 / R5021C50: got 'MMR010017701520'
"
"2","Warning in read_fun(path = enc2native(normalizePath(path)), sheet_i = sheet,  :"
"2","
 "
"2"," Expecting numeric in AX5022 / R5022C50: got 'MMR017022701514'
"
"2","Warning in read_fun(path = enc2native(normalizePath(path)), sheet_i = sheet,  :"
"2","
 "
"2"," Expecting numeric in AX5023 / R5023C50: got 'MMR017022701514'
"
"2","Warning in read_fun(path = enc2native(normalizePath(path)), sheet_i = sheet,  :"
"2","
 "
"2"," Expecting numeric in AX5024 / R5024C50: got 'MMR017022701515'
"
"2","Warning in read_fun(path = enc2native(normalizePath(path)), sheet_i = sheet,  :"
"2","
 "
"2"," Expecting numeric in AX5025 / R5025C50: got 'MMR017022701515'
"
"2","Warning in read_fun(path = enc2native(normalizePath(path)), sheet_i = sheet,  :"
"2","
 "
"2"," Expecting numeric in AX5170 / R5170C50: got 'MMR001001701525'
"
"2","Warning in read_fun(path = enc2native(normalizePath(path)), sheet_i = sheet,  :"
"2","
 "
"2"," Expecting numeric in AX5171 / R5171C50: got 'MMR001001701525'
"
"2","Warning in read_fun(path = enc2native(normalizePath(path)), sheet_i = sheet,  :"
"2","
 "
"2"," Expecting numeric in AX5179 / R5179C50: got 'MMR001001701521'
"
"2","Warning in read_fun(path = enc2native(normalizePath(path)), sheet_i = sheet,  :"
"2","
 "
"2"," Expecting numeric in AX5180 / R5180C50: got 'MMR001001701521'
"
"2","Warning in read_fun(path = enc2native(normalizePath(path)), sheet_i = sheet,  :"
"2","
 "
"2"," Expecting numeric in AX5182 / R5182C50: got 'MMR001001701520'
"
"2","Warning in read_fun(path = enc2native(normalizePath(path)), sheet_i = sheet,  :"
"2","
 "
"2"," Expecting numeric in AX5183 / R5183C50: got 'MMR001001701520'
"
"2","Warning in read_fun(path = enc2native(normalizePath(path)), sheet_i = sheet,  :"
"2","
 "
"2"," Expecting numeric in AX5184 / R5184C50: got 'MMR001001701520'
"
"2","Warning in read_fun(path = enc2native(normalizePath(path)), sheet_i = sheet,  :"
"2","
 "
"2"," Expecting numeric in AX5185 / R5185C50: got 'MMR001001701520'
"
"2","Warning in read_fun(path = enc2native(normalizePath(path)), sheet_i = sheet,  :"
"2","
 "
"2"," Expecting numeric in AX5186 / R5186C50: got 'MMR001001701520'
"
"2","Warning in read_fun(path = enc2native(normalizePath(path)), sheet_i = sheet,  :"
"2","
 "
"2"," Expecting numeric in AX5189 / R5189C50: got 'MMR001001701525'
"
"2","Warning in read_fun(path = enc2native(normalizePath(path)), sheet_i = sheet,  :"
"2","
 "
"2"," Expecting numeric in AX5282 / R5282C50: got 'MMR017024701501'
"
"2","Warning in read_fun(path = enc2native(normalizePath(path)), sheet_i = sheet,  :"
"2","
 "
"2"," Expecting numeric in AX5283 / R5283C50: got 'MMR017024701501'
"
"2","Warning in read_fun(path = enc2native(normalizePath(path)), sheet_i = sheet,  :"
"2","
 "
"2"," Expecting numeric in AX5322 / R5322C50: got 'MMR017024701510'
"
"2","Warning in read_fun(path = enc2native(normalizePath(path)), sheet_i = sheet,  :"
"2","
 "
"2"," Expecting numeric in AX5323 / R5323C50: got 'MMR017024701510'
"
"2","Warning in read_fun(path = enc2native(normalizePath(path)), sheet_i = sheet,  :"
"2","
 "
"2"," Expecting numeric in AX5352 / R5352C50: got 'MMR017024701505'
"
"2","Warning in read_fun(path = enc2native(normalizePath(path)), sheet_i = sheet,  :"
"2","
 "
"2"," Expecting numeric in AX5353 / R5353C50: got 'MMR017024701505'
"
"2","Warning in read_fun(path = enc2native(normalizePath(path)), sheet_i = sheet,  :"
"2","
 "
"2"," Expecting numeric in AX5382 / R5382C50: got 'MMR017024701502'
"
"2","Warning in read_fun(path = enc2native(normalizePath(path)), sheet_i = sheet,  :"
"2","
 "
"2"," Expecting numeric in AX5383 / R5383C50: got 'MMR017024701502'
"
"2","Warning in read_fun(path = enc2native(normalizePath(path)), sheet_i = sheet,  :"
"2","
 "
"2"," Expecting numeric in AX5384 / R5384C50: got 'MMR007014701501'
"
"2","Warning in read_fun(path = enc2native(normalizePath(path)), sheet_i = sheet,  :"
"2","
 "
"2"," Expecting numeric in AX5396 / R5396C50: got 'MMR017014701513'
"
"2","Warning in read_fun(path = enc2native(normalizePath(path)), sheet_i = sheet,  :"
"2","
 "
"2"," Expecting numeric in AX5417 / R5417C50: got 'MMR017024701501'
"
"2","Warning in read_fun(path = enc2native(normalizePath(path)), sheet_i = sheet,  :"
"2","
 "
"2"," Expecting numeric in AX5418 / R5418C50: got 'MMR017024701501'
"
"2","Warning in read_fun(path = enc2native(normalizePath(path)), sheet_i = sheet,  :"
"2","
 "
"2"," Expecting numeric in AX5433 / R5433C50: got 'MMR012009701507'
"
"2","Warning in read_fun(path = enc2native(normalizePath(path)), sheet_i = sheet,  :"
"2","
 "
"2"," Expecting numeric in AX5453 / R5453C50: got 'MMR012009701507'
"
"2","Warning in read_fun(path = enc2native(normalizePath(path)), sheet_i = sheet,  :"
"2","
 "
"2"," Expecting numeric in AX5474 / R5474C50: got 'MMR012009701507'
"
"2","Warning in read_fun(path = enc2native(normalizePath(path)), sheet_i = sheet,  :"
"2","
 "
"2"," Expecting numeric in AX5501 / R5501C50: got 'MMR012009701506'
"
"2","Warning in read_fun(path = enc2native(normalizePath(path)), sheet_i = sheet,  :"
"2","
 "
"2"," Expecting numeric in AX5512 / R5512C50: got 'MMR012009701506'
"
"2","Warning in read_fun(path = enc2native(normalizePath(path)), sheet_i = sheet,  :"
"2","
 "
"2"," Expecting numeric in AX5541 / R5541C50: got 'MMR012009701506'
"
"2","Warning in read_fun(path = enc2native(normalizePath(path)), sheet_i = sheet,  :"
"2","
 "
"2"," Expecting numeric in AX5760 / R5760C50: got 'MMR012009701506'
"
"2","Warning in read_fun(path = enc2native(normalizePath(path)), sheet_i = sheet,  :"
"2","
 "
"2"," Expecting numeric in AX5761 / R5761C50: got 'MMR012009701506'
"
"2","Warning in read_fun(path = enc2native(normalizePath(path)), sheet_i = sheet,  :"
"2","
 "
"2"," Expecting numeric in AX5763 / R5763C50: got 'MMR012009701506'
"
"2","Warning in read_fun(path = enc2native(normalizePath(path)), sheet_i = sheet,  :"
"2","
 "
"2"," Expecting numeric in AX5779 / R5779C50: got 'MMR012009701506'
"
"2","Warning in read_fun(path = enc2native(normalizePath(path)), sheet_i = sheet,  :"
"2","
 "
"2"," Expecting numeric in AX5780 / R5780C50: got 'MMR012009701506'
"
"2","Warning in read_fun(path = enc2native(normalizePath(path)), sheet_i = sheet,  :"
"2","
 "
"2"," Expecting numeric in AX5782 / R5782C50: got 'MMR012009701506'
"
"2","New names:
* `` -> ...64
* `` -> ...65
* `` -> ...66
* `` -> ...67
* `` -> ...68
* ...
"
"2","Warning:"
"2"," Problem with `mutate()` column `mmk_hhd_bin`.
[34mi[39m `mmk_hhd_bin = fct_relevel(...)`.
[34mi[39m Unknown levels in `f`: less_than_10k, more_than_300k
"
"0","# ben dataset -- tidy format 5Ws for beneficiaries "
"0","ben <- fsc %>% "
"0","  filter(unique_beneficiaries == ""Yes"") %>%  "
"0","  select(date,"
"0","         implementing_partners, implementing_partner_type,"
"0","         state, township, village_ward_town, location, location_type, admin1_pcode, admin3_pcode,"
"0","         activity, activity_status, hrp_indicator, beneficiary_type, "
"0","         child_male, child_female, adult_male, adult_female, elderly_male, elderly_female) %>% "
"0","  pivot_longer(cols = child_male:elderly_female, "
"0","               names_to = ""disaggregation"", values_to = ""beneficiaries"", values_drop_na = TRUE)"
"0"," "
"0",""
"0","# reading in pin and targets"
"0","pin <- read_excel(""PIN calculation Food Security Cluster_Township Breakdown.xlsx"","
"0","           sheet = ""Food Sec PiN with IDPs"", "
"0","           skip = 2) %>% "
"0","  clean_names() %>% "
"0","  select(-c(x17, x18, x19)) %>% "
"0","  slice(1:346) %>% "
"0","  fill(region) %>% "
"0","  rename(state = region,"
"0","         idps = id_ps, "
"0","         pop_minus_idps = population_minus_id_ps, "
"0","         pin_2022 = vulnerable_food_insecure_people_id_ps) %>%  "
"0","  filter(township != ""Total"") %>%  "
"0","  mutate_at(vars(pop_minus_idps:moderately_severely), ~ as.numeric(.)) %>% "
"0","  left_join(townships, by = c(""township"" = ""township_name"")) %>% "
"0","  select(-state) %>%  "
"0","  relocate(admin3_pcode) %>% relocate(state = state_name) %>% relocate(admin1_pcode) %>% "
"0","  mutate(pc_vul = pin_2022 / total_pop,"
"0","         pin_2022 = round(pin_2022, digits = 0)) %>% "
"0","  left_join(read_excel(""FSC PIN and Target _combine HRP and IERP 2021.xlsx"") %>%"
"0","              clean_names() %>%"
"0","              select(admin3_pcode = tsp_pcode, pin_2021 = pin, target_2021 = target), by = ""admin3_pcode"") %>% "
"0","  left_join(read_excel(""fs_targets_2021.xlsx"") %>%"
"0","              clean_names() %>% "
"0","              select(township = x1,"
"0","                     hrp_target_idps_2021 = internally_displaced_persons_12,"
"0","                     hrp_target_returnees_2021 = idp_returnees_resettled_locally_integrated_13,"
"0","                     hrp_target_stateless_rakhine_2021 = non_displaced_stateless_people_in_rakhine_14,"
"0","                     hrp_target_other_vulnerable_2021 = other_vulnerable_crisis_affected_people_15,"
"0","                     hrp_target_total = total_16) %>%"
"0","              left_join(townships %>%  select(township_name, admin3_pcode), by = c(""township"" = ""township_name"")) %>% "
"0","              select(-township),"
"0","            by = ""admin3_pcode"") %>% "
"0","  replace(is.na(.), 0)    "
"2","New names:
* `` -> ...17
* `` -> ...18
* `` -> ...19
"
"2","Warning:"
"2"," Problem with `mutate()` column `marginally_food_secure`.
[34mi[39m `marginally_food_secure = (structure(function (..., .x = ..1, .y = ..2, . = ..1) ...`.
[34mi[39m NAs introduced by coercion
"
"2","New names:
* `` -> ...1
* `Internally Displaced Persons` -> `Internally Displaced Persons...2`
* `IDP returnees/ resettled/ locally integrated` -> `IDP returnees/ resettled/ locally integrated...3`
* `Non-displaced stateless people in Rakhine` -> `Non-displaced stateless people in Rakhine...4`
* `Other vulnerable crisis-affected people` -> `Other vulnerable crisis-affected people...5`
* ...
"
"0","# shapefiles"
"0","pcode3_shape <- st_read(""./mmr_polbnda_adm3_mimu_250k/mmr_polbnda_adm3_mimu_250k.shp"", quiet = TRUE) %>% "
"0","  rename(state = ST, "
"0","         admin1_pcode = ST_PCODE,"
"0","         township = TS,"
"0","         admin3_pcode = TS_PCODE)"
"0",""
"0","pcode1_shape <- st_read(""./mmr_polbnda2_adm1_mimu_250k/mmr_polbnda2_adm1_mimu_250k.shp"", quiet = TRUE) %>% "
"0","  rename(state = ST, "
"0","         admin1_pcode = ST_PCODE)"
"0",""
"0","# for relevelling -- this is in order of beneficiaries"
"0","sr_ord <- c(""Yangon"", ""Rakhine"", ""Kachin"", ""Shan (North)"", ""Ayeyarwady"" , ""Kayin"", ""Mon"", ""Mandalay"","
"0","            ""Kayah"", ""Chin"", ""Shan (South)"", ""Sagaing"", ""Bago (East)"", ""Magway"", ""Shan (East)"", ""Bago (West)"", ""Tanintharyi"")"
"0",""
"0","# for printing the targets of the pin "
"0","target_ben_2021 <- pin %>%  "
"0","  select(admin3_pcode, state, township, target_2021) %>% "
"0","  filter(target_2021 > 0) %>% "
"0","  left_join(ben %>% "
"0","              group_by(admin3_pcode) %>% "
"0","              summarise(beneficiaries = sum(beneficiaries)), by = ""admin3_pcode"") %>% "
"0","  mutate(pc_reached = beneficiaries / target_2021 * 100) %>%  "
"0","  replace(is.na(.), 0) "
"0",""
